{"accuracy": 0.7535325970245903, "auc_roc": 0.8787124203280323, "recall": 0.8681764799698424, "precision": 0.6797672768553995, "f1": 0.7625056905547932}